epoch,acc,loss,val_acc,val_loss
0,0.9275435,0.18947811268092016,0.8907472,0.2703963986039162
